<?xml version="1.0" encoding="UTF-8" standalone="yes"?>
<addon id="plugin.audio.dorna-tuner" name="Dorna Tuner" provider-name="Canal DornaMotion" version="1.5.8">
			<requires>
				<import addon="xbmc.python" version="2.1.0"/>
				<import addon="script.module.requests" version="2.9.1"/>
			</requires>
			<extension library="addon.py" point="xbmc.python.pluginsource">
				<provides>audio</provides>
			</extension>
			<extension point="xbmc.addon.metadata">
				<summary lang="es_es">Escuchar emisoras de radio personalizadas</summary>
				<description lang="es_es"/>
				<disclaimer lang="es_es"/>
				<language/>
				<platform>all</platform>
				<license/>
				<forum/>
				<website/>
				<email/>
				<source/>
				<news>
					v1.5.7 (2020-04-20)
					- Actualización Los 40 Classic
					v1.5.6 (2020-04-20)
					- Añadido Radio Patio Cuarentena Online
					v1.5.5 (2018-03-03)
					- Actualización tunein.com
				</news>
				<assets>
					<icon>icon.png</icon>
				</assets>
			</extension>
			<extension point="xbmc.addon.repository">
				<info>https://raw.githubusercontent.com/DoCoutoSoft/Repositorio/master/addons.xml</info>
				<checksum>https://raw.githubusercontent.com/DoCoutoSoft/Repositorio/master/addons.xml.md5</checksum>
				<datadir zip="true">https://raw.githubusercontent.com/DoCoutoSoft/Repositorio/master/</datadir>
			</extension>
</addon>
