<?xml version="1.0" encoding="UTF-8" standalone="yes"?>
<addon id="plugin.video.crtvg-acarta" name="Dorna - CRTVG A Carta" version="2.2.7" provider-name="Canal DornaMotion">
  <requires>
    <import addon="xbmc.python" version="3.0.0"/>
  </requires>
  <extension point="xbmc.python.pluginsource" library="addon.py">
    <provides>video</provides>
  </extension>
  <extension point="xbmc.addon.metadata">
    <summary lang="es_ES">DornaSoft Televisión de Galicia, Á carta</summary>
    <description lang="es_ES">Ver os contidos Á Carta da Televisión de Galicia</description>
    <disclaimer lang="ee_ES"></disclaimer>
    <language>es</language>
    <platform>all</platform>
    <license>GPL-2.0-or-later</license>
    <!-- <forum>https://forum.kodi.tv/showthread.php?tid=xxxx</forum>  may be omitted  -->
    <website>http://www.crtvg.es/tvg/a-carta</website> <!-- the url of the website that contains the videos (or the official website of your plugin). May be omitted.  -->
    <!-- <email>you@youremail.com</email>  may be omitted  -->
    <source>https://docoutosoft.github.io/Repositorio/plugin.video.crtvg-acarta</source>
    <news>v 2.2.7 (27/06/2021) [Actualizado] Soporte para Kodi 19 Matrix </news>
    <assets>
        <icon>resources/icon.png</icon>
        <fanart>resources/fanart.jpg</fanart>
        <!-- <banner></banner> <!-- optional -->
        <!-- <clearlogo>resources/clearlogo.png</clearlogo>  optional  -->
        <!-- <screenshot></screenshot> <!-- optional, max 10  -->
    </assets>
  </extension>
</addon>