<?xml version="1.0" encoding="UTF-8" standalone="yes"?>
    <addon id="plugin.video.crtvg-acarta" name="[COLOR cyan]CRTVG[/COLOR] - Televisión de Galicia" provider-name="Canal DornaMotion" version="2.2.7">
        <requires>
			<import addon="xbmc.python" version="3.0.0"/>
        </requires>
        <extension library="addon.py" point="xbmc.python.pluginsource">
            <provides>video</provides>
            <dir>
                <info compressed="false">
                    https://docoutosoft.github.io/Repositorio/addons.xml
                </info>
                <checksum>
                    https://docoutosoft.github.io/Repositorio/addons.xml.md5
                </checksum>
                <datadir zip="true">
                    https://docoutosoft.github.io/Repositorio/
                </datadir>
            </dir>
        </extension>
        <extension point="xbmc.addon.metadata">
            <summary lang="es">Televisión de Galicia, A carta</summary>
            <description lang="es">Ver os contidos a carta da Televisión de Galicia</description>
            <platform>all</platform>
			<license>GPL-2.0-or-later</license>
			<!-- <forum>https://forum.kodi.tv/showthread.php?tid=xxxx</forum>  may be omitted  -->
			<website>http://www.crtvg.es/tvg/a-carta</website> <!-- the url of the website that contains the videos (or the official website of your plugin). May be omitted.  -->
			<source>https://docoutosoft.github.io/Repositorio/</source>
            <forum>http://www.crtvg.es/tvg/a-carta</forum>
            <website>http://www.crtvg.es/tvg/a-carta</website>
            <email>dornamotion@gmail.com</email>
       	    <assets>
		        <icon>resources/icon.png</icon>
		        <fanart>resources/fanart.jpg</fanart>
		        <!-- <banner></banner> <!-- optional -->
		        <!-- <clearlogo>resources/clearlogo.png</clearlogo>  optional  -->
		        <!-- <screenshot></screenshot> <!-- optional, max 10  -->
		    </assets>
       
       
       
        </extension>
    </addon>
