<?xml version="1.0" encoding="UTF-8"?>
<source>
  <stream bitrate="128">http://195.154.38.67:8000/stream/7/</stream>?
  <stream bitrate="32">http://195.154.38.67:8000/stream/7/</stream>
  <name>A0 COUNTRY</name>
  <tagline>Country</tagline>
  <description>Musica Country</description>
  <genre>Country</genre>
  <fanart>A0-Country-fanart.png</fanart>
  <thumb>A0-Country-thumb.png</thumb>
  <sort>20</sort>
  <scraper type="tunein">
    <url>http://195.154.38.67:8000/stream/7/</url>
    <delay>20</delay>
  </scraper>
</source>
