<?xml version="1.0" encoding="UTF-8"?>
<source>
  <stream bitrate="128">http://kissfm.kissfmradio.cires21.com/kissfm.mp3</stream>?
  <stream bitrate="32">http://kissfm.kissfmradio.cires21.com/kissfm.mp3</stream>
  <name>KISS FM</name>
  <tagline>Musical</tagline>
  <description>Kiss FM es una emisora radiofonica que emite a nivel nacional, perteneciente al Grupo KISS Media, el cual posee tambien Hit FM y las cadenas de television TV y DKiss</description>
  <genre>Musical</genre>
  <fanart>kiss-fm-fanart.png</fanart>
  <thumb>kiss-fm-thumb.png</thumb>
  <sort>3</sort>
  <scraper type="tunein">
    <url>https://tunein.com/radio/Kiss-FM-940-s6055/</url>
    <delay>20</delay>
  </scraper>
</source>
