<?xml version="1.0" encoding="UTF-8"?>
<source>
	<stream bitrate="128">https://20133.live.streamtheworld.com/LOS40_CLASSIC_SC</stream>
	<stream bitrate="32">https://20133.live.streamtheworld.com/LOS40_CLASSIC_SC</stream>
	<name>Los 40 Classic</name>
	<tagline>Musical</tagline>
	<description>Los 40 Classic es una cadena de radio española de temática musical, perteneciente a PRISA Radio que desde 2018 sustituye a M80 Radio</description>
	<genre>Top</genre>
	<fanart>m-80-fanart.png</fanart>
	<thumb>m-80-thumb.png</thumb>
	<sort>4</sort>
	<scraper type="tunein">
		<url>https://tunein.com/radio/M80-Radio-890-s48753/</url>
		<delay>20</delay>
	</scraper>
</source>
