<?xml version="1.0" encoding="UTF-8"?>
<source>
	<stream bitrate="128">https://node-15.zeno.fm/ftg0dqqvutzuv.aac</stream>
	<stream bitrate="32">https://node-15.zeno.fm/ftg0dqqvutzuv.aac</stream>
	<name>Radio Patio Cuarentena On Line</name>
	<tagline>Entretenimiento</tagline>
	<description>Radio Patio Cuarentena On Line, una emisora creada por Sadenses, para dar entretenimiento a los oyentes durante en confinamiento, producido por el COVID-19 (Coronavirus) </description>
	<genre>Entretenimiento</genre>
	<fanart>Radio-Patio-fanart.png</fanart>
	<thumb>Radio-Patio-thumb.png</thumb>
	<sort>7</sort>
   <scraper type="tunein">
    <url></url>
    <delay>20</delay>
  </scraper>

</source>