<?xml version="1.0" encoding="UTF-8"?>
<source>
  <stream bitrate="128">http://rockfm.cope.stream.flumotion.com/cope/rockfm/playlist.m3u8</stream>?
  <stream bitrate="32">http://rockfm.cope.stream.flumotion.com/cope/rockfm/playlist.m3u8</stream>
  <name>ROCK FM</name>
  <tagline>MUSICAL</tagline>
  <description>En RockFM queremos que cada vez rockee mas gente. Por eso, para que vayas donde vayas nunca te falte el mejor rock, seguimos ampliando nuestra cobertura</description>
  <genre>Musical</genre>
  <fanart>rock-fm-fanart.png</fanart>
  <thumb>rock-fm-thumb.png</thumb>
  <sort>6</sort>
  <scraper type="tunein">
    <url>https://tunein.com/radio/Rock-FM-1018-s67006/</url>
    <delay>20</delay>
  </scraper>
</source>
