<?xml version="1.0" encoding="UTF-8"?>
<source>
	<stream bitrate="128">http://live.radiovoz.es/mp3/stream_coruna.mp3</stream>
	<stream bitrate="32">http://live.radiovoz.es/mp3/stream_coruna.mp3</stream>
	<name>Radio Voz</name>
	<tagline>Entretenimiento</tagline>
	<description>Radio Voz es una cadena de emisoras radiofonicas perteneciente al periodico La Voz de Galicia</description>
	<genre>Entretenimiento</genre>
	<fanart>radio-voz-fanart.png</fanart>
	<thumb>radio-voz-thumb.png</thumb>
	<sort>7</sort>
	<scraper type="tunein">
		<url>https://tunein.com/radio/RADIO-VOZ-DIVINA-s176468/</url>
		<delay>20</delay>
	</scraper>
</source>